author_id,authors
10012,"Georges Simenon/Marc Romano/William T. Vollmann"
10019,"Murray Smith"
10031,"Nora Kelly"
10046,"Irving Stone"
10054,"Robert Louis Stevenson/Scott McKowen"
10057,"Juan Rulfo/Margaret Sayers Peden/Susan Sontag"
10085,"Fulton J. Sheen"
10089,"George R.R. Martin/Roy Dotrice"
10093,"W. Haden Blackman/Ian Fullwood"
10094,"Henry Miller/Thomas H. Moore"
10098,"Ann Romines"
10118,"Agatha Christie/David Suchet"
10140,"Margaret Hodges/Trina Schart Hyman"
10153,"Christina Dodd"
10154,"Eudora Welty/Richard Bausch"
10194,"Edgar Rice Burroughs"
10209,"Edith Wharton/Jeffrey Meyers"
10213,"William Shakespeare/Roma Gill/B. Litt"
10235,"Lucas Carlson/Leonard Richardson"
10249,"Frances Oliver"
10258,"Antoine de Saint-Exupery"
10292,"Stephen J. Burn"
10304,"Christopher   Duncan"
10313,"Lynne Rae Perkins"
10317,"Roald Dahl/Joely Richardson"
10343,"Steven Nadler"
10353,"Harold G. Moore/Joseph L. Galloway"
10367,"Peter Hamilton/Robert Doisneau/David    Elliott"
10378,"Tony Hawks"
10398,"Robert Ludlum"
10407,"Anthony Mcreavy"
10409,"Émile Zola/Ernest Alfred Vizetelly"
10464,"Devra Davis/Mitchell Gaynor"
10487,"Gary Russell/Peter Anghelides/J. Shaun Lyon/Jon de Burgh Miller/Eddie Robson/Todd Green/Andy Russell/Andrew Collins/Kathryn Sullivan/Iain McLaughlin/Mark Michalowski/Joseph Lidster/Trevor Baxendale/Colin Brake/Claire Bartlett/Sarah Groenewegen/Trey Korte/Andy Frankham-Allen"
10500,"Patrick Marnham"
10534,"Karen Hesse"
10540,"Christopher Partridge"
10557,"Edith Wharton/R.W.B. Lewis"
10568,"Nicholas Humphrey/Daniel C. Dennett"
10570,"Charles Mackay"
10574,"John Jackson Miller/Travis Charest/Michael Atiyeh/Brian Ching/Travel Foreman"
10575,"Augustine of Hippo/Bruce Harbert/John E. Rotelle"
10595,"George H. Wood/Theodore R. Sizer"
10615,"Susan Van Kirk/CliffsNotes/Erich Maria Remarque"
10650,"Alexander Pope/Aubrey Williams"
10657,"Euripides/David Grene/Richmond Lattimore/Emily Townsend Vermeule/Elizabeth Wyckoff/William Arrowsmith"
10661,"Jose Saramago/Pilar del Río"
10662,"Henry Mintzberg"
10700,"Nelson DeMille"
10753,"Alexandra Robbins"
10754,"Zadie Smith"
10762,"Leon Sciaky/Peter Sciaky"
10767,"Patrick O'Brian"
10775,"J.M. Barrie/Peter Hollindale"
10858,"Frederick Douglass/Harriet Ann Jacobs/Kwame Anthony Appiah"
10863,"P.G. Wodehouse/Tony Ring/Barry Day"
10893,"Andreas Gursky/Peter Galassi"
10906,"Norman Mailer"
10916,"Margot Adler"
10926,"Nathan Englander"
10942,"Josef Pieper/Richard Winston/Clara Winston"
10946,"Madeleine L'Engle/Mary Chambers"
10947,"Deborah Gregory/Paul Mantell"
10978,"Saul A. Kripke"
11021,"John Wooden/Steve Jamison"
11026,"George Lucas"
11035,"Joyce Meyer"
11038,"Umberto Eco/Girolamo De Michele/Alastair McEwen/Agnolo di Cosimo Bronzino"
11052,"Terry Moore"
11057,"Paul       Davidson"
11068,"James C.    Simmons/Marie Rudisill"
11110,"Steven L. Layne"
11111,"Leo Strauss/Joseph Cropsey"
11121,"James Mangold/Anna Hamilton Phelan/Lisa Loomer/Susanna Kaysen"
11124,"Teresa Medeiros"
11136,"Charles Bukowski/John   Martin"
11140,"J.D. Robb/Laurell K. Hamilton/Susan Krinard/Maggie Shayne"
11141,"Catherine Thimmesh/Melissa Sweet"
11158,"James   Paul"
11163,"J. Anthony Lukas"
11180,"William Shakespeare/R.A. Foakes"
11186,"George Eliot/Bert G. Hornback"
11197,"Kevin O'Malley/Carol Heyer/Scott Goto"
11201,"Gwen Moran"
11206,"Andrea Levy"
11241,"John W. Dettman"
11244,"Edward P. Jones/Kevin R. Free"
11249,"Steve Hamilton"
11262,"James C. Collins/Jerry I. Porras"
11281,"J.K. Rowling/Gemma Rovira Ortega"
11286,"Laurie Halse Anderson/Mark Salisbury"
11303,"Scott Donaldson"
11316,"Thomas More/Clarence H. Miller"
11355,"Elizabeth Wurtzel"
11370,"Paul Schrader"
11376,"Karen Hawkins"
11389,"Patricia Justine Tumang/Edwidge Danticat/Jenesha de Rivera"
11392,"Clifford D. Simak"
11400,"T.A. Barron/David Elliot"
11412,"Tad Williams/Hans J. Schütz"
11416,"Dai Sijie/Ina Rilke"
11431,"Kathryn Lasky/Richard Cowdrey"
11440,"Thich Nhat Hanh/Arnold Kotler/Dalai Lama XIV"
11443,"H. Rider Haggard"
11464,"Jean-Luc Marion/Stephen E. Lewis"
11471,"Julia Wilkinson"
11473,"Peter Milligan/Mike Allred/Paul Pope"
11480,"Jorge Luis Borges/Gordon Botherston/Peter Hulme"
11508,"Chalmers Johnson/Shara Kay"
11516,"Belva Plain"
11526,"Ron Rash"
11558,"Brian Sibley"
11566,"Wilkie Collins/Norman Page/Toru Sasaki"
11571,"Jane Austen/Prunella Scales"
11574,"W. Haden Blackman/Matt Fillbach/Shawn Fillbach/Ronda Pattison/Mike Kennedy/Stewart McKenney/Rick Lacy/Dan Jackson/Michael David Thomas/Joshua Elliott"
11594,"Epictetus/Nicholas P. White"
11600,"Jane Austen/Karen Joy Fowler"
11618,"William Shakespeare/Roma Gill"
11631,"George Bernard Shaw/Alan Jay Lerner"
11645,"Alexis de Tocqueville/Eduardo Brandão/Phillips Bradley/Luann Walther"
11658,"Susan Carroll"
11711,"Roff Smith"
11756,"Dani Cavallaro"
11764,"Anaïs Nin"
11787,"Mary Higgins Clark/Angela Zeman/Noreen Ayres/Sally Cabot Gunning/Joseph Hansen/Sarah Shankman/Nancy Pickard/Eleanor Taylor Bland/Brendan DuBois/Edward D. Hoch/Loren D. Estleman"
11789,"Debbie Dadey/Marcia Thornton Jones"
11831,"Federico García Lorca"
11835,"James Scott Bell"
11837,"Jerome K. Jerome"
11843,"Charlotte Brontë/Stevie Davies"
11845,"Christopher Marlowe/Robert Lindsey/Frank Romany"
11854,"Marcel Proust/C.K. Scott Moncrieff/Terence Kilmartin/D.J. Enright"
11864,"John Ostrander/Welles Hartley/Jan Duursema"
11865,"Pamela Duncan Edwards/Troy Howell"
11886,"Robert   Harris"
11891,"Michael Parenti"
11900,"Mary M. Flekke/Sarah E. MacDonald/Randall M. MacDonald"
11907,"Franz Kafka"
11927,"Huston Smith"
11930,"Tim Dowley/Roger Langton"
11935,"Friedrich Nietzsche/Richard T. Gray"
11937,"Toni Morrison/Slade Morrison"
11939,"Ivan Turgenev/Constance Garnett"
11944,"Richard P. Feynman/Michelle Feynman"
11958,"Billy Crystal/Dick Schaap"
11970,"David Axton/Dean Koontz"
11993,"Margaret Sanborn"
12004,"Elizabeth Castro"
12027,"Terry Pastor/Damon Knight/Philip K. Dick/C.M. Kornbluth/Bob Shaw/Frederik Pohl/Alfred Bester/C.L. Moore/Henry Kuttner/Robert Sheckley/James Blish/Cordwainer Smith/Brian W. Aldiss/Jack Vance"
12043,"Donna Tartt"
12045,"Sigrid Undset"
12073,"Dan Brown/Paul Michael"
12078,"James Luceno/Kerrie Dougherty/Simon Beecroft/Kristin Lund/Hans Jenssen/Richard Chasemore"
12090,"Margaret A. Weitekamp"
12095,"Le Ly Hayslip/Jay Wurts"
12100,"Richard Platt"
12102,"Marilyn Sadler/Roger Bollen"
12109,"Maureen Child"
12117,"Marilynne Robinson"
12138,"Fyodor Dostoyevsky/Constance Garnett/Manuel Komroff/John Bayley"
12178,"Anton Myrer/Alastair Westgarth"
12186,"Charles Burns"
12189,"Bill Willingham/Mark Buckingham/Steve Leialoha/Jim Fern/Jimmy Palmiotti/Andrew Pepoy"
12191,"Herodotus/Henry Francis Cary"
12221,"Philip Gourevitch"
12229,"Nathaniel Hawthorne/Kathryn Harrison"
12239,"Astrid Lindgren/Ilon Wikland/Jill M. Morgan"
12241,"John Tosh/Sean Lang"
12257,"Astrid Lindgren/Tony Ross"
12266,"Lee Child/Dick Hill"
12282,"Karin Slaughter/Peter Robinson/John Connolly/Denise Mina/Mark Billingham"
12299,"Jeffery Hudson/Michael Crichton"
12301,"Mary B. Morrison"
12329,"Umberto Eco/Jean-Noël Schifano"
12340,"Gregory Maguire"
12356,"Peter Abrahams"
12360,"Raymond E. Feist/Brett Booth"
12389,"Mary Daly"
12397,"Dave Robinson/Chris Garratt/Judy Groves"
12398,"Thomas Hardy/Suzanne B. Falck-Yi/Linda M. Shires"
12416,"James Shapiro"
12432,"Rosemary Wells/Susan Jeffers/Rachel Field"
12433,"Lalita Tademy"
12440,"David L. Robbins"
12450,"Jacqueline Carey"
12461,"Anita Shreve"
12490,"Philip Plait"
12500,"James Fenimore Cooper/Blake Nevius"
12501,"Jared Diamond"
12518,"Aeschylus/David Grene/Richmond Lattimore/Seth Benardete"
12535,"Nancy Conrad/Howard A. Klausner/Buzz Aldrin"
12552,"William Shakespeare/Amanda Root/Arkangel Cast/Roy Hudd/David Harewood"
12571,"Mark Twain/David Lionel Smith/Sherley Anne Williams"
12583,"Marshall Sahlins"
12622,"Mary Wollstonecraft Shelley/Leonard Wolf/Christopher H. Bing"
12634,"Christopher   Green/Frances Morris/Nancy Ireson/Claire Freches-Thory"
12664,"Haruki Murakami"
12666,"William Faulkner/Malcolm Cowley"
12677,"Janet Evanovich/Lorelei King"
12683,"João Guimarães Rosa"
12693,"Mary Burton"
12703,"David Allen Sibley"
12712,"John Lindow"
12716,"Georg Wilhelm Friedrich Hegel/S.W. Dyde"
12737,"Christopher Priest"
12787,"Lisa McCourt/Cyd Moore"
12832,"Nick Lane"
12836,"Rick Decker/Stuart Hirshfield"
12839,"Sarah K. Herz/Donald R. Gallo"
12842,"Ernesto Sabato"
12866,"Roland H. Bainton"
12879,"Marc Platt"
12880,"Paul Theroux"
12881,"Richard E. Neustadt"
12892,"Joyce Carol Oates"
12896,"John Milton/Roy C. Flannagan"
12908,"Richard Brautigan/Taylan Taftaf"
12912,"Sylvia Plath"
12922,"Octavio Paz/Lysander Kemp/Yara Milos"
12945,"Kate DiCamillo/Bagram Ibatoulline"
12950,"Phillip Margolin"
12951,"Wendy Wasserstein"
12965,"John Harwood Hick"
12985,"Jack London/Ben Bova"
12992,"Bob Madgic/William L. Crary/Adrian Esteban"
13000,"William  James/Bruce Kuklick"
13041,"Christopher Isherwood/William Caskey/Jeffrey Meyers"
13042,"Mary Anna Evans"
13049,"Richard Stapleford/Time-Life Books"
13084,"Leah Bendavid-Val/National Geographic Society"
13089,"Oscar Wilde/Hesketh Pearson"
13112,"Raymond Queneau/Barbara Wright/Vivian Kogan"
13130,"Peter Singer"
13146,"Eoin Colfer/Glenn McCoy"
13151,"Brad Thor"
13159,"David Wood/Roald Dahl"
13175,"Reynolds Price/Mary Bess Engel"
13202,"Isabel Allende/Margaret Sayers Peden/محمدعلی مهمان‌نوازان"
13212,"Wisława Szymborska/Magnus J. Kruyski"
13218,"Hiroki Endo"
13221,"Jodi Picoult"
13231,"Sigrid Undset/Tiina Nunnally/Sherrill Harbison"
13259,"Stephen King/John  Glover"
13269,"Patrick Süskind/John E. Woods"
13291,"Marta Acosta"
13294,"Herbert Asbury"
13305,"John C. Maxwell"
13342,"Mark Lewisohn/Peter  Guzzardi"
13380,"Daniel Clowes"
13383,"William Shakespeare/Stephen Orgel/A.R. Braunmuller/Russ McDonald"
13396,"Jane Smiley"
13402,"Margaret MacMillan/Richard Holbrooke"
13410,"Karen Kingsbury"
13420,"Geraldine Brooks"
13424,"Frances Stonor Saunders"
13434,"Tom Perrotta"
13443,"Edwidge Danticat/Nicole Tisserand"
13449,"Maya Angelou/Jean-Michel Basquiat/Sara Jane Boyers"
13459,"Graham Handley"
13475,"Wendy  Mitchell/June Kim"
13483,"Laura E. Berk"
13499,"Roland Barthes/Richard Miller"
13507,"Joyce Lankester Brisley"
13520,"Harold Bloom"
13528,"Marcus Aurelius/Martin Hammond/Albert Wittstock/Diskin Clay"
13545,"Julia Golding"
13549,"Anaïs Nin/Gunther Stuhlmann"
13554,"Anonymous/Thomas Cahill"
13573,"Terry Pratchett/Paul Kidby"
13580,"Louisa May Alcott/Sarah Elbert"
13596,"Horace/David   West"
13611,"Jayne Castle/Jayne Ann Krentz"
13617,"Luigi Pirandello/Stanley Appelbaum"
13650,"Matt Christopher"
13694,"Garrison Keillor/Charles Bukowski/Robert Burns/Hayden Carruth/Raymond Carver/Billy Collins/Noël Coward/Carl Dennis/E.E. Cummings/Emily Dickinson/Stephen Dobyns/Fleur Adcock/John Donne/Rita Dove/Stephen Dunn/Lawrence Ferlinghetti/Robert Frost/Erica Funkhouser/Donald Hall/Patricia Hampl/Thomas Hardy/Jim Harrison/W.H. Auden/Jennifer Michael Hecht/David Ignatow/John Keats/X.J. Kennedy/Jane Kenyon/Galway Kinnell/Maxine Kumin/Kate Light/Henry Wadsworth Longfellow/Louis MacNeice/Hilaire Belloc/Herman Melville/W.S. Merwin/Edna St. Vincent Millay/Howard Nemerov/Sharon Olds/Mary Oliver/Grace Paley/Lawrence Raab/Kenneth Rexroth/Wendell Berry/Carl Sandburg/John Berryman/Elizabeth Bishop/William Blake/Philip   Booth/Virginia Hamilton Adair/Liesl Mueller"
13704,"Sinclair Lewis/Brooke Allen"
13721,"William Shakespeare/Katherine Duncan-Jones"
13758,"Nikki Giovanni/Virginia C. Fowler"
13772,"Julie E. Czerneda"
13794,"Gail Grant"
13804,"Euripides/James Morwood/Robin Waterfield"
13805,"Alistair McCallum/William Shakespeare"
13806,"H.G. Wells/Leon Stover"
13812,"John Perkins"
13818,"Charles de Lint/Robin Wayne Bailey/Philip Jose Farmer"
13831,"Francois Rabelais/Thomas Urquhart/Pierre Le Motteux"
13842,"Émile Zola/Andrew Moore/Ernest Alfred Vizetelly"
13843,"Meg Cabot"
13852,"Albert Camus/Catherine Camus"
13881,"Indu Sundaresan/Alberto Coscarelli"
13894,"Peter  Stone/Sherman Edwards"
13923,"Paul Anthony Cartledge"
13932,"Virgil/Henry Rushton Fairclough/G.P. Goold"
13942,"Ciruelo Cabral"
13943,"Thornton W. Burgess/Thea Kliros/Harrison Cady"
13944,"Sten Nadolny"
13948,"Judi Barrett/Ron Barrett"
13958,"Bodie Thoene/Brock Thoene"
13974,"Philip Dutre"
13978,"George Grant"
13982,"Adam Drozdek"
13994,"Ian Edginton/Simon Fraser"
14004,"Arthur Conan Doyle/Javier Gomez Rea"
14006,"Kate Braverman/Rick Moody"
14037,"SparkNotes/Brian  Phillips/William Shakespeare"
14072,"Dave R. Palmer"
14087,"Irving John"
14091,"Lois N. Magner/Magner"
14128,"Janna Levin"
14152,"Pamela Peeke/Cindy Crawford"
14186,"Edgar Rice Burroughs/John Bolen"
14197,"James   McBride"
14216,"Margaret Atwood"
14234,"Tracy Kidder"
14249,"Lani Guinier/Stephen L. Carter"
14250,"David Bodanis"
14314,"William  James/Stephen Vicchio"
14315,"Dwight D. Eisenhower"
14344,"Hinako Takanaga"
14355,"George Orwell/Mauricio Molina/Miguel Martínez Sarmiento"
14358,"Erin St. Claire/Sandra Brown"
14372,"L.M. Montgomery/Mary Henley Rubio/Elizabeth Hillman Waterston"
14383,"Robert Louis Stevenson/N.C. Wyeth/Timothy Meis"
14397,"Robert Stock"
14417,"Christopher Biffle/Plato"
14420,"Janice Ross/Allan Ulrich/Brigitte Lefevre"
14431,"Raymond Carver"
14435,"Thomas Hardy/Margaret Drabble"
14449,"Bryce Courtenay"
14450,"Nathaniel Philbrick"
14482,"Richard Dawkins/Lalla Ward"
14492,"Mary Higgins Clark"
14501,"Ben Mikaelsen"
14515,"Hiromu Arakawa/Akira Watanabe"
14517,"Douglas R. Hofstadter"
14543,"Aleksandr Solzhenitsyn/Nicholas Bethell/David Burg"
14557,"Frederick C. Beiser"
14585,"Jun'ichirō Tanizaki"
14591,"Joseph Wambaugh"
14612,"Mary Lawson"
14643,"Terry Deary"
14677,"Marisabina Russo"
14683,"Donna Ickes/Edward Sciranko/Keith Vasconcelles"
14685,"Ellen Weiss/Betina Ogden"
14689,"Jack Finney"
14691,"Adam Smith/Robert B. Reich"
14729,"William J. Bennett"
14734,"Richard Preston"
14743,"Orson Scott Card/James Francis Cameron"
14754,"Amy Tan/Joan Chen"
14756,"J.A. Jance"
14800,"H.G. Wells/E.F. Bleiler"
14801,"Norman Mailer/John Buffalo Mailer"
14819,"James Baldwin/Toni Morrison"
14831,"Warren Ellis/Darick Robertson"
14844,"David Thomas Lord"
14847,"Upton Sinclair/Earl Lee/Kathleen DeGrave"
14892,"Terry Brooks/George Lucas/Regina Winter"
14895,"Marvin Kaye/Michael Swanwick/Orson Scott Card/Mercedes Lackey/Tanith Lee/Elizabeth Moon"
14900,"Jeremy Leven"
14909,"Aidan Hartley"
14930,"Mark Bittman"
14948,"Paul Burrell"
14952,"Kim Harrison/Lynsay Sands/Kelley Armstrong/Lori Handeland"
14969,"Kurt Vonnegut Jr./Ivan Chermayeff"
14979,"William Shakespeare/Paul Werstine/Barbara A. Mowat"
14981,"Vijay Prashad/Howard Zinn"
15001,"Michael L. Perlis/Carla Jungquist/Michael T. Smith"
15033,"Tite Kubo"
15052,"Ivan T. Sanderson/David Hatcher Childress"
15064,"Hermann Hesse/Hilda Rosner"
15076,"Jean Baudrillard/James Benedict"
15104,"Dan Birlew"
15111,"Wade Davis"
15137,"Lonely Planet/Mark Honan"
15143,"Will Kymlicka"
15166,"Aristophanes/S. Douglas Olson"
15170,"Cornelia Funke/Paul   Howard/Oliver G. Latsch"
15171,"Geoffrey M. Bellman"
15172,"Italo Calvino"
15191,"James B. South/William Irwin"
15254,"Sigmund Freud/James Strachey"
15271,"Barton Zwiebach"
15276,"Herman Melville/Harrison Hayford"
15293,"James Wallace/Jim  Erickson"
15304,"Jon   Stewart/Scott C. Jacobson"
15317,"Frank McConnell"
15320,"Nancy MacDonell Smith/Nancy MacDonell"
15330,"Bard E. O'Neill"
15344,"Tom Hunter/Tracy Chevalier/Colin Wiggins"
15352,"Hailey Abbott/Melissa de la Cruz/Aimee Friedman/Nina Malkin"
15375,"Jacob Grimm/Wilhelm Grimm/Jack D. Zipes/Johnny Gruelle"
15376,"Anthony E. Wolf"
15380,"Georg Wilhelm Friedrich Hegel/E.S. Haldane/Frederick C. Beiser"
15396,"Pat Frank"
15417,"Franz Kafka/Nabum N. Glazer/John Updike"
15431,"Mark Waid/Alex Ross/Elliot S. Maggin"
15447,"Katherine Beckett/Theodore Sasson"
15470,"Alice   Miller/Ruth Ward"
15488,"Robert Anton Wilson"
15492,"Leonard Sweet/Brian D. McLaren/Erwin Raphael McManus/Michael S. Horton/Frederica Matthewes-Green/Andy Crouch"
15498,"Ryōtarō Shiba/Juliet Winters Carpenter"
15499,"Euripides/David Grene/Richmond Lattimore/Witter Bynner/William Arrowsmith"
15511,"Mary Balogh"
15531,"Lindsey Davis"
15536,"Masaki Yamada/Yuji Oniki/Carl Gustav Horn/Daigo Shinma/Keita Saeki/Mamoru Oshii/Shinji Maki"
15538,"Núria Roca/Rosa María Curto"
15542,"Alan Lightman"
15565,"John Updike/Edward Gorey"
15568,"Sigmund Freud/Louis Menand"
15579,"June Casagrande"
15581,"Dorothy Dunnett"
15596,"Nigel Findley"
15602,"Alexis de Tocqueville/John Stone/Stephen Mennell"
15607,"Pete McCarthy"
15620,"Frances Hodgson Burnett/Graham Rust"
15637,"Daron Acemoğlu/James A. Robinson"
15639,"Ken Follett"
15641,"F.F. Bruce/Philip W. Comfort/Carl F.H. Henry/J.I. Packer"
15642,"Harriet Lerner"
15652,"Philip Roth"
15656,"Euripides/David Grene/Richmond Lattimore"
15671,"Satoru Kannagi/Hotaru Odagiri/Allison Markin Powell"
15672,"Edward Copeland/Juliet McMaster"
15686,"John Eldredge/Stasi Eldredge"
15702,"Giles Andreae/Guy Parker-Rees/Hugh Laurie"
15728,"Maryam Riess"
15750,"Stephen Rebello"
15752,"Erich Fromm/Peter D. Kramer/Rainer Funk"
15754,"Janet Brennan Croft/Mark P. Shea/Amy H. Sturgis"
15759,"Georg Wilhelm Friedrich Hegel/Allen W. Wood/Raymond Geuss"
15764,"Mary Roach"
15774,"Philip K. Dick/Lawrence Sutin"
15775,"J.R.R. Tolkien/Douglas A. Anderson"
15786,"E.B. White/Garth Williams/Peter F. Neumeyer"
15787,"Carlton Mellick III"
15795,"Robert Dallek"
15808,"Qiu Xiaolong"
15810,"Steve Perry/Tom Clancy/Steve Pieczenik"
15842,"Candace Ward"
15855,"Salman Rushdie/Miguel Sáenz"
15859,"Albert Ellis"
15863,"Eric Homberger/Alice Hudson"
15867,"Emine Sevgi Özdamar/Luise von Flotow"
15871,"Friedrich Nietzsche"
15884,"Takashi Hashiguchi"
15892,"Terry Brooks/George Lucas"
15895,"Margaret Weis/Don Perrin"
15898,"Gayden Metcalfe"
15914,"Plato/Christopher Gill"
15917,"Jim Butcher"
15931,"Richard Hollis"
15941,"Lidia Matticchio Bastianich/David Nussbaum/Christopher Hirsheimer"
15951,"Rachel Klein"
15992,"Laurell K. Hamilton/Stacie Ritchie/Jessica Ruffner/Brett Booth"
16009,"Blake Nelson"
16017,"Karen Cushman/Trina Schart Hyman"
16023,"Simone de Beauvoir/Patrick O'Brian"
16032,"Waris Dirie/Cathleen Miller"
16035,"Johann Wolfgang von Goethe/R. Paulin"
16060,"Neal Stephenson/Guy Abadia"
16061,"H.R. Giger/Kathi Christen/Adrienne Theimer/Ernst  Fuchs"
16071,"Bessie Head"
16072,"Charles Dickens/Stephen J. Wall/Helen Small"
16089,"Beth Moore"
16094,"John  Diamond"
16097,"Abraham Lincoln/Bob Blaisdell"
16109,"Jose Saramago/Giovanni Pontiero"
16114,"Noam Chomsky/Donaldo Macedo"
16151,"Dr. Seuss/Yanitzia Canetti"
16152,"Eric Tyson/Rich Tennant"
16218,"E.B. White/Roger Angell/Barbara Cohen/Judith Stonehill"
16230,"Plato/Reginald E. Allen"
16235,"Philippa Carr"
16242,"Virgil/Robert Fitzgerald"
16250,"John Fowles"
16292,"Søren Kierkegaard/Victor Eremita/Alastair Hannay"
16320,"Mary Pope Osborne/Homer/Troy Howell"
16325,"Elliot Aronson/Robin M. Akert/Timothy D. Wilson"
16354,"Hermann Hesse/Susan Bernofsky/Tom Robbins"
16360,"Jeffrey Ford/Jonathan Carroll"
16362,"E.B. White/Garth Williams/Rosemary Wells"
16366,"James Brian Smith/Richard J. Foster"
16368,"Jane Heller"
16370,"Ryōkan/John   Stevens"
16406,"Tom Stanton"
16417,"Patrick Süskind/Jean-Jacques Sempe"
16447,"Walter Scott"
16451,"James Graham Leyburn"
16471,"Jonathan Clements/Helen McCarthy"
16474,"Thom Hartmann/Joseph Chilton Pearce/Neale Donald Walsch"
16475,"Sarah Macdonald"
16499,"Mercedes Lackey/Eric Flint/Dave Freer"
16551,"James Patterson/Howard Roughan"
16565,"Brian L. Weiss"
16580,"Camellia Panjabi"
16589,"Suzanne Farrell/Toni Bentley"
16591,"Douglas Coupland"
16601,"Bartholomew Gill"
16623,"James E. Campbell"
16624,"Steven D. Levitt/Stephen J. Dubner"
16639,"Aristotle/Joe Sachs"
16642,"Tara MacCarthy/Drew Hires"
16685,"Jack Kerouac/George Condo"
16697,"David Wiesner"
16717,"Charles Taylor/Amy Gutmann/Michael Walzer/Susan R. Wolf/Shierry Weber Nicholsen/Kwame Anthony Appiah/Jürgen Habermas/Steven C. Rockefeller"
16740,"Russell Roberts/Russ Roberts"
16742,"Greg Cox/Len Wiseman/Kevin Grevioux"
16744,"Monte Cook"
16770,"Franz Kafka/Nahum N. Glatzer/John Updike"
16784,"Jenny Wormald"
16790,"Hesiod/Richmond Lattimore"
16792,"Megan Whalen Turner"
16794,"Confucius/Henry Rosemont Jr./Roger T. Ames"
16795,"Diane Setterfield"
16806,"Malcolm X/George Breitman"
16809,"Steve Perry/Tom Clancy/Steve Pieczenik/Larry Segriff"
16825,"Richard Johnsonbaugh/Martin Kalin"
16832,"Gustave Flaubert/Geoffrey Wall/Michele Roberts"
16840,"Anton Chekhov/Laurence Senelick"
16891,"G.K. Chesterton/Anton C. Pegis"
16892,"Charles Stross"
16893,"Scott Turow"
16938,"Zora Neale Hurston/Ruby Dee"
16966,"Brian Sibley/J.R.R. Tolkien"
16967,"Jeanne Sallade Criswell/Gary Carey"
16975,"James   Campbell"
16979,"D.T. Max"
16992,"David Lindsay-Abaire"
17002,"Miguel de Cervantes Saavedra/Edith Grossman/Harold Bloom"
17012,"Yochai Benkler"
17023,"Bette Greene"
17036,"Will Eisner/Neil Gaiman"
17062,"Jennifer O'Connell/Meg Cabot/Megan McCafferty/Melissa Senate/Diana Peterfreund/Stephanie Lessing/Laura Ruby/Erica Orloff/Stacey Ballis/Julie Kenner/Kristin Harmel/Jennifer Coburn/Elise Juska/Kyra Davis/Beth Kendrick/Berta Platas/Lynda Curnyn/Kayla Perrin/Cara Lockwood/Alison Pace/Megan Crane/Lara Deloza/Laura Caldwell/Shanna Swendson"
17074,"Eric Hobsbawm/Chris Wrigley"
17100,"Alan MacGillivray"
17105,"Jacqueline Winspear"
17107,"Ron Roy/John Steven Gurney"
17147,"Emmanuel Le Roy Ladurie/Emmanuel Le Roy-Ladurie"
17152,"Warren W. Wiersbe"
17155,"Robert Louis Stevenson/Barry Menikoff"
17172,"Andre Dubus III/Fontaine Dollas Dubus"
17187,"Stephen Coonts"
17188,"Elizabeth Knowles"
17197,"Ted Dekker"
17209,"Elizabeth Mann/Alan Witschonke"
17212,"Jean Estoril/Mabel Esther Allan"
17214,"Orson Scott Card/Piotr W. Cholewa"
17220,"Daniel Abdal-Hayy Moore"
17243,"Karen Harper"
17253,"Marsha Collier"
17261,"Doris Kearns Goodwin"
17288,"Wally Lamb"
17295,"David Baldacci"
17341,"Karl Marx/Friedrich Engels/Martin Puchner"
17348,"Tom Robbins/Pociao/Roberto de Hollanda"
17350,"V.S. Ramachandran/Sandra Blakeslee/Oliver Sacks"
17352,"Dennis Slifer/R. Carlos Nakai"
17363,"Arthur Schopenhauer/Thomas Bailey Saunders"
17368,"Mary McCarthy"
17379,"Cecily von Ziegesar"
17397,"Peter Elkind"
17403,"P.C. Cast"
17420,"L.M. Montgomery"
17440,"John Steinbeck"
17448,"John C. Maxwell/Les Parrott III"
17451,"Gail Godwin"
17457,"Faïza Guene/Sarah    Adams"
17460,"David B."
17465,"Carlos Ruiz Zafón/Lucia Graves"
17469,"Margot Theis Raven/Jeannie Brett"
17523,"Andre Dubus"
17563,"David Sedaris/Amy Sedaris"
17573,"Bernard Cornwell/Jamie Glover"
17578,"Orlando Figes"
17586,"Albert Einstein/Brian Greene"
17601,"Anthony Loyd"
17614,"Rachel Ryan/Sandra Brown"
17621,"Richard Bachman/Stephen King/Hernán Sabate Vargas"
17630,"Mark Dunn"
17650,"Elaine Cunningham"
17663,"Lady Sarashina/Ivan Morris"
17666,"Charles R. Swindoll"
17672,"Yasunari Kawabata/Lane Dunlop/J. Martin Holman"
17674,"Livy/Aubrey de Selincourt/Betty Radice"
17677,"Barbara Fairchild"
17702,"Albert Camus/Justin O'Brien"
17708,"Jim Lehrer"
17714,"Lauren Bacall"
17727,"Susan Hill"
17738,"Milan Kundera/Aaron Asher"
17751,"Ann Packer"
17767,"Yayoi Ogawa/小川 彌生"
17789,"Jorge Bucay/Silvia Salinas"
17796,"Carol Ryrie Brink"
17813,"R.L. Stine"
17815,"Glen David Gold"
17821,"Terry Brooks"
17824,"Michael Herr"
17827,"Thomas Aquinas/Timothy McDermott"
17829,"Neil Gaiman/Bryan Talbot/Stan Woch/P. Craig Russell/Shawn McManus/John Watkiss/Jill Thompson/Duncan Eagleson/Kent Williams/Todd Klein"
17848,"Leo Tolstoy/Amy Mandelker/Constance Garnett"
17855,"Philip K. Dick/David Alabort/Manuel Espín"
17856,"Chris Gardner"
17860,"Robertson Davies/Wayne Johnston"
17865,"Gustave Flaubert/Robert Baldick/Geoffrey Wall"
17876,"John Carratello/Patty Carratello/Theresa Wright"
17877,"Kate McMullan/Paul Van Munching/Glenn Dean/Kate McCullan/Robert Louis Stevenson"
17887,"Detlev J.K. Peukert/Richard Deveson"
17924,"Georg Wilhelm Friedrich Hegel/Carl Joachim Friedrich"
17936,"John Barth"
17938,"Fritjof Capra"
17973,"Jerry B. Jenkins"
17981,"Michael Vitez/Tom Gralish/Sylvester Stallone"
17982,"William Makepeace Thackeray/John Carey"
18005,"Norman Maclean/Annie Proulx"
18013,"Abdul Rahman Munif/Peter Theroux"
18017,"Jean Rabe/Martin H. Greenberg/Stephen Leigh/Gene DeWeese/Joe Masdon/Donald J. Bingle/Skip Williams/Penny Williams/Pierce Askegren/Nancy Virginia Varian/Wes Nicholson/John Helfers/Chris Pierson/Harry Turtledove/Kevin J. Anderson/Robert E. Vardeman/Jackie Cassada/James M. Ward/Jon L. Breen/Linda P. Baker"
18018,"Albert Camus/Robin Buss"
18042,"Bentley Little"
18111,"Frances Hodgson Burnett/Alison Lurie"
18155,"H.G. Wells/John Clute"
18157,"Lois H. Gresh/Robert E. Weinberg"
18176,"John    Mason"
18177,"Michael Wharton"
18213,"Frank McCourt"
18225,"Wilbur Smith"
18234,"Kitty Burns Florey"
18252,"E.R. Eddison/Keith   Henderson"
18257,"Renee Baron/Elizabeth Wagele"
18268,"Bernard Malamud/Kevin Baker"
18271,"Kathleen Winsor"
18314,"Kate Sedley"
18321,"Emmanuel Rhoides/Lawrence Durrell"
18323,"Jane Medwell/David Wray"
18343,"James Lamar Roberts/CliffsNotes/William Shakespeare"
18346,"Scott MacMillan/Katherine Kurtz"
18348,"Louise DeSalvo/Mitchell Alexander Leaska/Vita Sackville-West/Virginia Woolf"
18369,"Malvina G. Vogel/Alexandre Dumas"
18378,"Cheryl St. John"
18385,"Franz Kafka/Jason Baker/Donna Freed"
18404,"Hirohiko Araki"
18408,"Narise Konohara/Nanao Saikawa/Douglas W. Dlin"
18445,"Mircea Eliade/Wendy Doniger/Willard R. Trask"
18449,"Julian Markels"
18451,"Ron     Miller/Jules Verne/Paul   Wright"
18460,"Edward Lear/Simcha Shtull"
18475,"Andrei Codrescu/Laura Rosenthal"
18478,"Norman Davies"
18485,"Herman Melville/Harrison Hayford/Hershel Parker"
18492,"Gustave Flaubert/Margaret Cohen/Eleanor Marx"
18505,"Virginia Woolf/Trekkie Ritchie"
18506,"Clive Cussler/Jack Du Brul"
18514,"Russ Kick"
18531,"John Berendt"
18547,"Haruko Taya Cook/Theodore F. Cook"
18558,"Alice   Miller/Andrew Edwin Jenkins"
18564,"Thomas L. Friedman"
18609,"Thomas Hardy/Samuel Hynes"
18629,"Michael Crichton/Anne-Marie Martin"
18630,"James    Campbell"
18641,"Francesca Lia Block"
18646,"Mikhail Bulgakov/Михаил Булгаков"
18661,"James L. Stokesbury"
18691,"Ellen Meloy"
18716,"Geraldine McCaughrean/Scott M. Fischer"
18725,"Monica Ali"
18737,"James Axler"
18757,"Andrew Cartmel"
18773,"Burton G. Malkiel/Christopher Flavin"
18776,"Amy Goldman Koss"
18781,"Jim Thompson/Stephen King"
18784,"Michael      Casey/Redwood Kardon/Douglas Hansen"
18793,"Sarah Fielding/Candace Ward"
18801,"C.S. Lewis/Kenneth Branagh"
18831,"Richard W. Bulliet/Daniel R. Headrick/David Northrup/Lyman L. Johnson/Pamela Kyle Crossley/Steven W. Hirsch/Steven Hirsch"
18871,"Gelsey Kirkland/Greg Lawrence"
18875,"Joseph Pearce"
18876,"Luigi  Barzini/L.P. De Castelvecchio"
18884,"Stacy Horn"
18886,"T.S. Eliot/Lawrence Rainey"
18922,"Bebe Moore Campbell"
18928,"Christopher Stasheff/William R. Forstchen/Nick DiChario/S.N. Lewitt/Bill Fawcett/Mike Resnick/Mickey Zucker Reichert/S.M. Stirling/Diane Duane/Jody Lynn Nye/Roland J. Green/Teresa Patterson/Judith R. Conly"
18930,"Robert E. Hemenway/Alice Walker"
18941,"Brian Braithwaite/Noelle Walsh/Glyn Davies"
18942,"Chip Kidd/Jean Schulz/Charles M. Schulz/Geoff Spear"
18945,"Robin McGraw"
18948,"Arthur C. Clarke"
18958,"William L. Shirer/Gordon A. Craig"
18972,"Dan Millman/Robert D. San Souci/T. Taylor Bruce"
18977,"L.M. Montgomery/Susan O'Malley"
18990,"Michael R. Phillips"
18992,"William Shakespeare/Rene Weis"
19010,"Mike   Mason"
19014,"Peter Tallack/Simon Singh"
19052,"Lauren Henderson/Chris Manby/Sarah Mlynowski/Jill A. Davis/Stella Duffy/Lisa Jewell/Marian Keyes/Sophie Kinsella/Adele Lang/Carole Matthews/Anna Maxted/Megan McCafferty/Alisa Valdes/Isabel Wolff/Meg Cabot/Jessica Adams/Louise Bagshawe/Emily Barr/Jenny Colgan/Lynda Curnyn/Jennifer Weiner"
19054,"Nick Hornby/D.J. Taylor/Huw Richards/Chris Pierson/Roddy Doyle/Harry Ritchie/Harry Pearson/Olly Wicken/Graham Brack/Matt Nation/Ed Horton/Don  Watson"
19056,"Margaret Weis/Jane Lindskold/Linda Baker/Kathleen M. Massie-Ferch/Cynthia Ward/Lawrence C. Connolly/John Tigges/Kate Novak/Janet Pack/James Reasoner/Livia Reasoner/Nick O'Donohoe/Anne Yvonne Gilbert/Linda Mannheim/Nancy Springer/Gary A. Braunbeck/Jo Clayton/Robyn McGrew/Kevin T. Stein/Felicia Dale/Russell          Davis"
19058,"Sam R. Watkins"
19077,"Nancy Cote/Cornelia Maude Spelman"
19080,"Frances Burney/Edward A. Bloom"
19082,"Leo Tolstoy/Constance Garnett"
19089,"Jennifer Crusie/Eileen Dreyer/Anne Stuart"
19091,"Hildegarde Hoyt Swift/Lynd Ward"
19118,"Vladimir Nabokov/Brian Boyd"
19127,"Harvey Pekar"
19143,"Nicola Davies/Jane Chapman"
19144,"John Helfers/Russell Davis/Tom Clancy/Steve Pieczenik"
19158,"William Kalush/Larry Sloman"
19166,"Nikki Stafford"
19167,"Jean Stein/George Plimpton"
19194,"Richard Seymour Hall"
19206,"Alice Walker"
19213,"Stephen R. Covey/A. Roger Merrill/Rebecca R. Merrill"
19223,"Jerry Seinfeld"
19225,"William Westney"
19260,"Jess Walter"
19278,"Harold Abelson/Gerald Jay Sussman/Julie Sussman"
19279,"Richard Shenkman"
19295,"Margaret Mitchell"
19312,"Dashiell Hammett/Steven Marcus"
19330,"W. Chan Kim/Renee Mauborgne"
19339,"Susan Minot"
19350,"Anne Mazer/Monica Gesue/Joyce White"
19355,"Astrid Lindgren/Ilon Wikland/Florence Lamborn"
19365,"Yann Martel"
19373,"Joe Kelly/Doug Mahnke/Tom Nguyen"
19387,"Thomas Pynchon/Carlos Martín Ramírez"
19397,"Jeffrey Eugenides"
19402,"Joan Elizabeth Klingel Ray"
19409,"Kathleen Eschenburg"
19442,"Dava Sobel/Neil Armstrong"
19507,"Eric R. Kandel"
19512,"Dave Eggers/Christopher R. Howard/Jonathan Ames/Joe Meno/Eric Hanson"
19529,"Muhammad Yunus/Alan Jolis"
19535,"Aldous Huxley"
19546,"Claire McNab"
19554,"Robert Sokolowski"
19561,"Abigail Thomas"
19563,"Anya Seton/Philippa Gregory"
19565,"Emil M. Cioran/Richard Howard"
19592,"William Rodney Allen"
19602,"Christopher Golden"
19623,"Simon Singh"
19636,"Charles Dickens/Michael Patrick Hearn/John Leech"
19637,"Jean-Jacques Rousseau/Patrick Coleman/Angela Scholar"
19652,"Oscar Wilde/Merlin Holland"
19664,"Plato/Tom Griffith"
19675,"Bill Phillips"
19676,"Lloyd P. Gerson"
19690,"Patrick Nobes/Arthur Conan Doyle/Jennifer Bassett/Tricia Hedge"
19702,"Albert Marrin/C.B. Mordan"
19711,"Michael Pollan/Scott Brick"
19713,"David Horowitz/Richard Poe"
19721,"David   Robbins/David Thompson"
19729,"Jane B. Mason/Sarah Hines Stephens"
19754,"Henry James/Anthony Curtis"
19761,"MaryJanice Davidson"
19787,"Søren Kierkegaard/Howard Vincent Hong/Edna Hatlestad Hong"
19799,"Matt Riser/Martin Hsu"
19802,"Paul Farmer"
19807,"Max Allan Collins"
19820,"Primo Levi/Stuart J. Woolf/Philip Roth"
19827,"Colin Duriez/Brian Sibley"
19873,"Alex Constantine"
19884,"Yona Zeldis McDonough/Nancy Harrison/Jill Weber"
19889,"Sophocles/Edith Hall/H.D.F. Kitto"
19904,"Angela Knight/Sheri Gilmore/Morgan Hawke"
19916,"Richard Rhodes"
19921,"Martin Fowler/Kent Beck/Don Roberts/Erich Gamma"
19936,"Paul Hendrickson"
19957,"Rumi/A.J. Arberry"
19960,"Joseph A. Tainter"
19968,"Alexandra Moss/Veronica Bennett"
20000,"Emily Blake"
20019,"Stephen R. Covey"
20033,"Sean B. Carroll/Jamie W. Carroll/Leanne M. Olds"
20036,"Virginia Woolf"
20061,"Aristophanes/Peter Meineck/Ian C. Storey"
20080,"Neil Gaiman/Sam Kieth/Mike Dringenberg/Malcolm Jones III/Todd Klein/Karen  Berger"
20086,"Jennifer Crusie"
20092,"Kathleen Olmstead/Jack London/Dan Andreasen/Arthur Pober"
20094,"Denis Johnson"
20100,"Antonio Negri/Matteo Mandarini"
20105,"Markus Zusak/Emmanuel Pailler"
20110,"William Shakespeare/David Threlfall/Don Warrington/Anne-Marie Duff/Arkangel Cast"
20116,"Quentin Blake"
20123,"W. John Campbell"
20140,"Antonia Juhasz"
20149,"Nancy Milford"
20151,"Susan Ring/Kirk Albert Etienne"
20155,"Richard W. Wrangham/Dale Peterson"
20156,"Pablo Neruda/Mark Eisner/Lawrence Ferlinghetti/Robert Hass/Stephen Mitchell/Alastair Reid/Forrest Gander/Jack Hirschman/Stephen Kessler/John Felstiner"
20166,"Satosumi Takaguchi"
20219,"Martin Millar/Neil Gaiman"
20220,"Christopher Marlowe"
20253,"Francine Prose"
20271,"Jules Verne/George M. Towle/Bruce Sterling"
20273,"Yuki Shimizu/志水 ゆき"
20275,"Peter F. Hamilton"
20291,"Henri J.M. Nouwen/Sue Monk Kidd"
20294,"Julie Mullaney"
20303,"Margaret Thaler Singer/Robert Jay Lifton"
20304,"Ann  O'Leary"
20336,"Lyn Macdonald"
20339,"Jamie Oliver/David Loftus/Chris Terry"
20348,"Angela Knight/Sahara Kelly/Judy Mays/Marteeka Karland/Kate Douglas/Shelby Morgen/Lacey Savage/Kate Hill/Willa Okati"
20353,"Friedrich Dürrenmatt/John J. Neumaier/William Gillis"
20362,"Jayne Ann Krentz"
20367,"Steve Erickson"
20371,"Honore de Balzac/Ellen Marriage/George Saintsbury"
20390,"Jane Austen/George Saintsbury/Hugh  Thomson"
20396,"Richard Matheson/Stephen King"
20401,"Irvine Welsh/Eric Lindor Fall"
20415,"Warren Ellis/Darick Robertson/Rodney Ramos/Keith Akin"
20426,"Stanisław Lem/Marc E. Heine"
20433,"Nathaniel Hawthorne"
20443,"Larry Bond"
20456,"Jean Houston"
20482,"Bernard Taper"
20490,"Steven Heller/Louise Fili"
20496,"William Shakespeare/Robert     Smith/Jonathan    Morris"
20499,"James Joyce/Frank McCourt/Donal Donnelly/Ciaran Hinds/Colm Meaney/Malachy McCourt"
20527,"Gary Oates/Robert Paul Lamb/Randy Clark"
20534,"P.J. Parrish"
20563,"Edgar Rice Burroughs/Esteban Maroto/J. Allen St. John/Studley Burroughs"
20564,"Michael Cunningham"
20566,"Graham Greene/Robert  Stone"
20584,"David Ellis"
20587,"Daphne du Maurier/Sally Beauman"
20594,"Karen Armstrong"
20601,"Charles Dickens/John Bowen/Hablot Knight Browne"
20602,"Geoffrey Chaucer"
20613,"Stephen Kinzer"
20641,"Terry Breverton"
20680,"Dante Alighieri/Dorothy L. Sayers/C.W. Scott-Giles"
20702,"William Poundstone/John von Neumann"
20706,"Russell Hoban/Lillian Hoban"
20718,"Hermann Hesse/Leila Vennewitz"
20768,"Chris Archer"
20800,"Maeve Binchy/Wendy Shea"
20803,"Leo Tolstoy/Constance Garnett/A.N. Wilson"
20804,"Zadie Smith/David Mitchell/George Saunders/Colm Tóibín/Aleksandar Hemon/Nick Hornby/Hari Kunzru/Toby Litt/Chris Ware"
20810,"Max Eilenberg/Angela Barrett"
20817,"Rolland Hein/Clyde S. Kilby"
20819,"Sławomir Rawicz"
20824,"Peter M. Robinson"
20849,"Paramahansa Yogananda"
20855,"Judith Viorst/Laura Gibson"
20857,"Carolyn Keene/Russell H. Tandy/Mildred Benson"
20863,"Karel Čapek/M. Weatherall/R. Weatherall/Ivan Klíma"
20905,"Jason Hook"
20912,"Henning Mankell/Ebba Segerberg"
20925,"Peter Maurice Wright/Paul Greengrass"
20929,"Isabel Allende/Robert Shekter/Panchita Llona"
20953,"Michael Spring/William Golding"
20957,"Rebecca Goldstein"
20976,"David L. Holmes"
21000,"Albert Camus/Philip Thody/Justin O'Brien"
21016,"Thomas Aquinas"
21019,"Michel Foucault/Robert Hurley"
21023,"Cynthia Chin-Lee/Youshan Tang"
21024,"Steve Wozniak/Gina Smith"
21037,"Thomas Bailey Saunders"
21047,"Pamela Ball"
21049,"Octavio Paz/Eliot Weinberger/Charles Tomlinson/William Carlos Williams/Monique Fong Wust/G. Aroul/Elizabeth Bishop/Paul Blackburn/Lysander Kemp/Denise Levertov/Muriel Rukeyser/Mark Strand"
21057,"Malcolm Barber"
21072,"Leonardo da Vinci/Irma A. Richter"
21081,"Jonathan Swift"
21088,"Theodore Ayrault Dodge/Ian M. Cuthbertson"
21116,"Iain Crichton Smith/Isobel Murray"
21138,"Stephane Heuet/Marcel Proust/Joe  Johnson"
21140,"Virginia Woolf/Mark Hussey"
21149,"Ovid/Bernard Knox/Charles    Martin"
21166,"Christopher   Black/Mark Anestis"
21173,"Edmund Spenser"
21190,"R. Scott Bakker"
21217,"Bob Blaisdell/Karl Marx/Jean-Paul Marat/Tom Paine/Mao Zedong/Mahatma Gandhi"
21264,"Gayle Lynds/Robert Ludlum/Don Leslie"
21288,"James Salter"
21289,"Libba Bray"
21336,"Janwillem van de Wetering"
21424,"Stephen Minot"
21432,"Nicholas Dodman"
21437,"Francine Pascal/Molly Mia Stewart/Ying-Hwa Hu"
21447,"Lewis Carroll/John Tenniel/Tan Lin"
21464,"W. Jason Gilmore"
21504,"Alastair Lamb"
21511,"Tim Bogenn"
21512,"Christopher Cokinos"
21514,"Norma Goldman/Jacob E. Nyenhuis"
21530,"Raina Telgemeier/Ann M. Martin"
21542,"Reader's Digest Association"
21543,"CliffsNotes/Michael McMahon"
21615,"Mike Lupica"
21630,"Sena Jeter Naslund"
21647,"Temple Grandin/Catherine  Johnson"
21671,"Patti   Davis"
21681,"Donald  Lloyd"
21688,"Sarah Mlynowski"
21699,"Rolland Baker/Heidi Baker"
21706,"Marco Polo/Howard Mittelmark/Milton Rugoff"
21719,"Harper Lee/Sissy Spacek"
21720,"Arthur Schopenhauer/R.J. Hollingdale"
21750,"Clive Barker"
21798,"Joyce Carol Oates/Claude Seban"
21804,"Iain Levison"
21860,"Cornelia Funke"
21875,"Robert A. Johnson"
21880,"Christie Ridgway"
21908,"Robert D. Siegel/Todd Hanson/Carol Kolb/The Onion"
21924,"Martha Heineman Pieper/William J. Pieper"
21930,"Ian Edginton"
21942,"Mark Haddon/Peter   Sutton"
21968,"Orson Scott Card/Isaac Asimov/William Gibson/Michael Swanwick/Theodore Sturgeon/Larry Niven/Robert Silverberg/Harry Turtledove/James Blish/George R.R. Martin/James Patrick Kelly/Karen Joy Fowler/Arthur C. Clarke/Lloyd Biggle Jr./Terry Bisson/Poul Anderson/John Kessel/R.A. Lafferty/C.J. Cherryh/Lisa Goldstein/Edmond Hamilton/Robert A. Heinlein/Ursula K. Le Guin/Ray Bradbury/Frederik Pohl/Harlan Ellison/George Alec Effinger/Brian W. Aldiss"
21971,"John F. MacArthur Jr."
21992,"Stephane Heuet/Stanislas Brezet/Marcel Proust"
22020,"Hirohiko Araki/Hirohiko Araki"
22036,"George Eliot/A.S. Byatt"
22049,"Kate McMullan/Janet Allison Brown/R.W. Alley"
22056,"Charles C. Mann"
22061,"Aldon D. Morris"
22068,"Johann Wolfgang von Goethe/Burton Pike/Edla Valdna"
22096,"Ernle Bradford"
22124,"Sophocles/Reginald Gibbons/Charles Segal"
22126,"Henry Miller"
22135,"Gertrude the Great/Gertrud Jaron Lewis"
22139,"Stephen King/Ron McLarty"
22166,"Luigi Pirandello/Tom Stoppard"
22179,"Noam Chomsky/Greg Ruggiero/Marili Margomenou/Miguel Mora/Natalie Levisalles/Il Manifesto/Hartford Courant/David Barsamian/Radio B92/Elise Fried/Peter Kreysler/Gionarle del Popolo/Michael Albert"
22205,"Jonathan Franzen"
22210,"Paulo Coelho/Margaret Jull Costa"
22272,"Stewart Shapiro"
22274,"Susan    Lewis"
22280,"Joan Jonker"
22290,"Stephen Hawking"
22334,"Thomas Aquinas/Ralph McInerny"
22343,"Louisa May Alcott/Elaine Showalter"
22345,"John Grisham/Michael Beck/Blair Brown/D.W. Moffett"
22352,"Herman Melville/Nathaniel Philbrick"
22355,"Allan C. Weisbecker"
22390,"Jane Austen/Laura Engel"
22402,"Robert Boyle/Michael Hunter/Edward B. Davis"
22410,"Rajiv Chandrasekaran"
22420,"Deirdre Bair"
22423,"William Shakespeare/David L. Stevenson"
22442,"C.D.B. Bryan"
22467,"Eric Carle"
22484,"William Shakespeare/Stephen Orgel/John Hollander"
22489,"Vera John-Steiner"
22502,"C. Hassell Bullock"
22510,"Laura Dave"
22526,"Kip S. Thorne/Stephen Hawking/Frederick Seitz"
22533,"Amy Sohn/Sarah Jessica Parker"
22540,"Maggie Black/Deirdre Le Faye"
22547,"Ashley Gardner"
22550,"Avi/Brian Floca"
22552,"Theodore Taylor"
22594,"Jillian Hunter"
22598,"Mayu Shinjō"
22637,"Isaac Bashevis Singer/Jacob Sloan/Ruth R. Wisse"
22647,"Peter J. D'Adamo/Catherine Whitney"
22695,"Laura Ingalls Wilder/Garth Williams"
22730,"Bruce Coville/Kathryn Hewitt"
22756,"Aristotle/Stephen Everson"
22761,"Hanif Kureishi"
22771,"Miles J. Stanford"
22813,"Carl Sagan"
22820,"Sholom Aleichem/Ben Shahn/Frances Butwin/Julius Butwin"
22844,"Richard Bach/H. Lee Shapiro/دل آرا قهرمان"
22845,"Herman Melville/Hershel Parker/G. Thomas Tanselle/Harrison Hayford/Robert Sandberg/Alma MacDougall Reising"
22847,"Ricardo Semler"
22851,"Jenna Jameson/Neil Strauss"
22866,"Raymond E. Feist/Tad Williams/Mat Broome/Robin Gillespie/Sean J. Jordan/Brett Booth"
22881,"Jack Frost"
22883,"Alice Sebold"
22890,"Neil Strauss"
22892,"Pearson Scott Foresman/William S. Gray"
22893,"Karl Marx/Friedrich Engels/Gareth Stedman Jones"
22897,"E.M. Forster/Benjamin DeMott"
22902,"C.D. Payne"
22910,"East Bay M. U. D. Staff/Nora Harlow/Jill M. Singleton/Barrie D. Coate/Kristine Sandoe"
22931,"Tony Judt"
22949,"David McCasland/Oswald Chambers"
22974,"Martin S. Fridson/Charles Mackay/Joseph de La Vega"
22984,"Thucydides/C.F. Smith"
23001,"Reynolds Price"
23009,"Arthur Conan Doyle/Kyle Freeman"
23013,"Haruki Murakami/Nora Bierich"
23029,"Dante Alighieri/John Ciardi"
23031,"Steve Allen"
23036,"John Boslough"
23045,"Ha Jin/季思聰"
23050,"Alistair MacLeod"
23090,"P.D. James/Christa Seibicke"
23109,"Verlyn Flieger"
23142,"Jeanette Winterson"
23168,"Julia Indichova/Christiane Northrup"
23187,"Victoria Holt"
23189,"George Bernard Shaw/Susan Moller Okin"